product,totalRevenue,avgOrderValue
Soap,5458,165.3939393939394
Lotion,14426,424.29411764705884
Conditioner,12165,419.48275862068965
Cream,12905,368.7142857142857
Facewash,13085,396.5151515151515
Shampoo,12711,353.0833333333333
